{
  "project_info": {
    "project_number": "576363839779",
    "firebase_url": "https://ibfsn-bd5fc.firebaseio.com",
    "project_id": "ibfsn-bd5fc",
    "storage_bucket": "ibfsn-bd5fc.appspot.com"
  },
  "client": [
    {
      "client_info": {
        "mobilesdk_app_id": "1:576363839779:android:79bc1b9fba2d25fd",
        "android_client_info": {
          "package_name": "com.example.discovery.ibfsn"
        }
      },
      "oauth_client": [
        {
          "client_id": "576363839779-c79hehqdiblrbl2kvitusotrf9kpg5n0.apps.googleusercontent.com",
          "client_type": 1,
          "android_info": {
            "package_name": "com.example.discovery.ibfsn",
            "certificate_hash": "679f5662419874544883eb2632e6ebc29cecbbf0"
          }
        },
        {
          "client_id": "576363839779-dlca5ijjlfldqsotgh0c25poavklqg5a.apps.googleusercontent.com",
          "client_type": 3
        }
      ],
      "api_key": [
        {
          "current_key": "AIzaSyBoW4FmMGVHYTLQWPH4z71VnvUkk8tqw6s"
        }
      ],
      "services": {
        "analytics_service": {
          "status": 1
        },
        "appinvite_service": {
          "status": 2,
          "other_platform_oauth_client": [
            {
              "client_id": "576363839779-dlca5ijjlfldqsotgh0c25poavklqg5a.apps.googleusercontent.com",
              "client_type": 3
            }
          ]
        },
        "ads_service": {
          "status": 2
        }
      }
    }
  ],
  "configuration_version": "1"
}